slide_id,certainty_score
TCGA-D8-A1JA-01,-497.73712157166466
TCGA-A2-A1G1-01,-424.2982799568079
TCGA-A8-A07I-01,-375.27013401664885
TCGA-C8-A1HO-01,-362.17505251828294
TCGA-A2-A0EW-01,-330.1716502014314
TCGA-AN-A0AS-01,-327.1497057622289
TCGA-A7-A0D9-01,-304.49107287051504
TCGA-A8-A06T-01,-298.80795965702794
TCGA-D8-A1XZ-01,-290.1239275700549
TCGA-D8-A1X5-01,-289.9979352384918
TCGA-A8-A079-01,-288.2186662036801
TCGA-AC-A5XS-01,-281.99787816407934
TCGA-AR-A1AW-01,-274.7474611677202
TCGA-A2-A0ET-01,-274.35774532874353
TCGA-D8-A27M-01,-273.141802070575
TCGA-BH-A0DX-01,-263.01072366611754
TCGA-E2-A15C-01,-259.57295654879107
TCGA-E2-A14Z-01,-258.6364442467949
TCGA-AC-A62Y-01,-253.33557549165354
TCGA-S3-A6ZH-01,-253.04491772746024
TCGA-EW-A1IY-01,-248.8312822918418
TCGA-BH-A0BA-01,-247.15437287039592
TCGA-PL-A8LX-01,-245.88293385700305
TCGA-D8-A1JH-01,-245.14290382522984
TCGA-C8-A12Q-01,-241.65408017020582
TCGA-E2-A107-01,-236.96695040061994
TCGA-LD-A7W5-01,-229.058773582517
TCGA-BH-A18H-01,-225.70003536354932
TCGA-BH-A0HU-01,-218.24943806542478
TCGA-BH-A18L-01,-214.04726323135088
TCGA-GM-A2DD-01,-212.68688728155513
TCGA-E2-A14O-01,-211.383876284385
TCGA-E9-A228-01,-210.98404989915406
TCGA-AR-A0TZ-01,-206.51321148940704
TCGA-E2-A15K-01,-205.96878850363473
TCGA-D8-A1X6-01,-205.1188331976274
TCGA-C8-A3M7-01,-203.85919510043678
TCGA-AN-A0AL-01,-203.7748953776574
TCGA-A8-A09Q-01,-203.09164857060108
TCGA-BH-A1FR-01,-202.528449056994
TCGA-5L-AAT1-01,-200.32973412030216
TCGA-A8-A07E-01,-198.5002498485701
TCGA-A8-A06O-01,-198.28153826789637
TCGA-A8-A08F-01,-197.3395334684859
TCGA-A8-A06N-01,-197.12944160214002
TCGA-D8-A140-01,-197.12090107525427
TCGA-E2-A3DX-01,-195.7761437520351
TCGA-LD-A9QF-01,-195.54264792690714
TCGA-B6-A0RN-01,-193.881627050475
TCGA-A7-A425-01,-193.55731750965109
TCGA-WT-AB41-01,-193.2183774224221
TCGA-B6-A0IP-01,-192.5459264889637
TCGA-BH-A0HY-01,-192.25337706642614
TCGA-BH-A0DV-01,-191.0322048104737
TCGA-E2-A1LE-01,-189.80803364971692
TCGA-A7-A5ZX-01,-189.2722842686232
TCGA-E2-A14X-01,-189.20302764759555
TCGA-E2-A152-01,-188.9395529150719
TCGA-E9-A248-01,-186.28032566109474
TCGA-BH-A1EV-01,-183.08412343451212
TCGA-AR-A24R-01,-181.6248917823099
TCGA-AN-A0XL-01,-180.17252839025267
TCGA-AC-A8OP-01,-179.46781634914925
TCGA-OL-A66J-01,-178.01752832254235
TCGA-S3-AA17-01,-177.89724678091906
TCGA-AR-A0TQ-01,-177.00227181714487
TCGA-AC-A3BB-01,-175.76704242429716
TCGA-C8-A131-01,-174.1914434398734
TCGA-B6-A0IN-01,-174.0148301396491
TCGA-AO-A0JL-01,-172.350652441522
TCGA-EW-A3U0-01,-169.4299436211504
TCGA-D8-A1J8-01,-168.0209003561342
TCGA-B6-A0IB-01,-167.30813016353795
TCGA-C8-A27A-01,-166.88984398193006
TCGA-E2-A15S-01,-164.41736123648064
TCGA-A8-A099-01,-164.31165953636426
TCGA-AQ-A04H-01,-162.49864827372832
TCGA-AO-A0JG-01,-159.43233944682265
TCGA-E2-A1AZ-01,-159.25270878825066
TCGA-AN-A0AJ-01,-155.84068932870892
TCGA-E9-A1RF-01,-153.24901049304077
TCGA-XX-A899-01,-152.8891486339241
TCGA-AR-A0TW-01,-152.68374122567607
TCGA-AN-A0FS-01,-152.54821080762386
TCGA-BH-A0HP-01,-150.95561660696706
TCGA-E2-A15R-01,-150.50444124532007
TCGA-C8-A27B-01,-149.74191280514302
TCGA-E9-A1N6-01,-149.188741812016
TCGA-AC-A3W5-01,-146.80433491911754
TCGA-AO-A0JD-01,-146.77799848255708
TCGA-BH-A0BC-01,-146.24797014094779
TCGA-A1-A0SH-01,-143.63335316447095
TCGA-E2-A158-01,-143.19971547968302
TCGA-BH-A0BP-01,-142.96483449394387
TCGA-A7-A6VV-01,-142.14306927955403
TCGA-EW-A1P1-01,-141.28018193250873
TCGA-AR-A0U1-01,-141.24208296906278
TCGA-AC-A23G-01,-139.44304377249682
TCGA-EW-A424-01,-138.08098889207994
TCGA-A7-A4SA-01,-138.05063752152998
TCGA-EW-A2FS-01,-137.31443951668177
TCGA-A8-A07F-01,-136.0039165600426
TCGA-OL-A66O-01,-135.9673139149901
TCGA-B6-A0X1-01,-134.3474550116439
TCGA-AQ-A0Y5-01,-133.22048195960903
TCGA-BH-A18U-01,-133.05944127619196
TCGA-BH-A0H0-01,-132.8675708172001
TCGA-BH-A0EB-01,-131.67369023046226
TCGA-AR-A0U3-01,-130.99958849778992
TCGA-E2-A1IH-01,-130.81056711892703
TCGA-E2-A15O-01,-130.0478588986099
TCGA-E2-A14Y-01,-129.18664443224986
TCGA-E9-A22B-01,-128.41589982001045
TCGA-A7-A13E-01,-127.1090170734983
TCGA-A8-A095-01,-126.91297487708388
TCGA-BH-A0C1-01,-126.51950840535002
TCGA-E9-A1R3-01,-125.99365227335373
TCGA-A2-A1FV-01,-124.076061217286
TCGA-E9-A245-01,-123.68849987037706
TCGA-A8-A09D-01,-123.09122592366599
TCGA-E2-A1B5-01,-122.2297885430118
TCGA-A2-A3XU-01,-121.09543348632094
TCGA-AC-A3TM-01,-120.9956331475
TCGA-BH-A1FU-01,-119.03755379074002
TCGA-E2-A1IJ-01,-118.95725630009997
TCGA-AN-A0FK-01,-118.86028019975504
TCGA-A8-A076-01,-118.27690022566719
TCGA-E9-A22E-01,-114.86039194667607
TCGA-MS-A51U-01,-114.68024907718
TCGA-AR-A1AR-01,-113.62611574591003
TCGA-E2-A572-01,-112.61599139280003
TCGA-AO-A12C-01,-112.52637247069003
TCGA-BH-A0HX-01,-110.62380567550503
TCGA-GM-A3NY-01,-110.62074827300457
TCGA-EW-A1J1-01,-110.0479592777299
TCGA-E2-A1IN-01,-109.93070685744566
TCGA-C8-A12K-01,-109.80775842137001
TCGA-D8-A1XU-01,-109.59674790051892
TCGA-BH-A1FB-01,-108.24851704860002
TCGA-EW-A1OV-01,-108.104968202401
TCGA-E2-A10B-01,-105.42028033541006
TCGA-A1-A0SF-01,-104.49112485673024
TCGA-AO-A128-01,-104.44503826591303
TCGA-B6-A0RP-01,-102.96617359594002
TCGA-D8-A147-01,-102.68684899659182
TCGA-B6-A0RE-01,-102.34145456701401
TCGA-GM-A2DO-01,-102.19804425662149
TCGA-A8-A09W-01,-101.42808270041
TCGA-A8-A08T-01,-101.02814585011285
TCGA-BH-A1F2-01,-100.85061841831902
TCGA-A8-A09A-01,-100.80515659101506
TCGA-B6-A0IJ-01,-100.66059093136002
TCGA-OL-A5RV-01,-100.6319104369155
TCGA-B6-A0I9-01,-100.51957512760004
TCGA-A8-A08J-01,-100.21250982162992
TCGA-E2-A14P-01,-99.68375235319006
TCGA-AC-A2FE-01,-99.46932613521301
TCGA-BH-A0BG-01,-99.43508520090003
TCGA-A2-A0YG-01,-99.4063549606017
TCGA-E9-A3Q9-01,-99.03521390273998
TCGA-EW-A1P8-01,-98.869924881598
TCGA-E9-A1RC-01,-98.36703378128998
TCGA-E9-A6HE-01,-98.35449167458299
TCGA-E9-A1R2-01,-98.29912853258004
TCGA-AO-A0JA-01,-98.21828655751102
TCGA-A2-A04R-01,-97.95318932202758
TCGA-AC-A2BK-01,-97.89508008329648
TCGA-E2-A108-01,-97.81274580543538
TCGA-E2-A1LA-01,-97.63570802042041
TCGA-A8-A09E-01,-97.61634611795003
TCGA-AO-A03V-01,-97.20713723631069
TCGA-BH-A28O-01,-96.92199709506004
TCGA-A7-A0DC-01,-96.872447378604
TCGA-EW-A1J6-01,-96.4314156151648
TCGA-GM-A3NW-01,-96.36935266062164
TCGA-D8-A1XD-01,-95.82331109297644
TCGA-A8-A0A7-01,-95.55064867085197
TCGA-E2-A2P5-01,-95.20387935688692
TCGA-AR-A0TT-01,-95.001037125328
TCGA-AC-A3W6-01,-94.89067037144311
TCGA-AR-A24T-01,-94.8022174772
TCGA-AR-A1AJ-01,-94.62943650215679
TCGA-E2-A14U-01,-94.61435297709748
TCGA-PL-A8LV-01,-94.59566402758001
TCGA-D8-A27N-01,-94.17169467505798
TCGA-B6-A0WW-01,-94.1365668019
TCGA-D8-A1J9-01,-93.98929034355432
TCGA-A8-A08P-01,-93.80781061318898
TCGA-BH-A18M-01,-93.77594993945797
TCGA-GM-A3XN-01,-93.58856613337657
TCGA-Z7-A8R5-01,-92.90425208492945
TCGA-E2-A15M-01,-92.37178664530504
TCGA-A8-A06Y-01,-91.4687234716261
TCGA-A8-A06P-01,-90.8403117545033
TCGA-E2-A1IU-01,-90.709517875797
TCGA-E9-A1RE-01,-90.55896393487
TCGA-BH-A0H6-01,-90.28336892458009
TCGA-AR-A0TS-01,-90.15144992580996
TCGA-AR-A252-01,-89.75531953762
TCGA-EW-A1J3-01,-89.47306680634301
TCGA-BH-A201-01,-89.37056817571309
TCGA-BH-A1FM-01,-87.52332834063401
TCGA-E2-A1LS-01,-87.3403243797
TCGA-BH-A18G-01,-87.30510232726301
TCGA-E9-A1RI-01,-87.27992652963
TCGA-LL-A9Q3-01,-87.24332281074601
TCGA-B6-A0IK-01,-87.20848999992802
TCGA-AR-A255-01,-87.20834572934515
TCGA-BH-A1FJ-01,-87.16350703204098
TCGA-A2-A0SV-01,-85.86155481156496
TCGA-C8-A274-01,-85.58249756036241
TCGA-A2-A25D-01,-85.49689855120252
TCGA-AR-A1AM-01,-85.35414500719999
TCGA-A2-A0SY-01,-85.18312996989833
TCGA-A2-A04N-01,-85.11884411666723
TCGA-HN-A2OB-01,-84.66885821489632
TCGA-A7-A426-01,-84.42860409600003
TCGA-A2-A0CY-01,-84.31396886084998
TCGA-D8-A1XJ-01,-84.12527055805553
TCGA-BH-A0AZ-01,-84.11932573325203
TCGA-EW-A1PF-01,-83.88968622444105
TCGA-A2-A0CK-01,-83.79913290115448
TCGA-BH-A0DQ-01,-83.79836680471607
TCGA-E2-A1LG-01,-83.56189043130497
TCGA-LL-A5YO-01,-82.47491918811002
TCGA-BH-A208-01,-81.97728127870009
TCGA-OL-A5S0-01,-81.4348919924318
TCGA-BH-A0BL-01,-80.17638866923198
TCGA-A7-A4SB-01,-79.95226409862998
TCGA-D8-A1X9-01,-79.76392787641998
TCGA-E2-A153-01,-79.35457034018518
TCGA-E9-A1NE-01,-78.98072336090699
TCGA-BH-A202-01,-78.9053399212354
TCGA-AR-A24W-01,-78.782707796208
TCGA-BH-A0E1-01,-78.27209499119535
TCGA-OL-A66N-01,-78.008622626957
TCGA-B6-A0I8-01,-77.15029242271997
TCGA-E9-A247-01,-76.66677846285002
TCGA-UL-AAZ6-01,-76.26684813611747
TCGA-A8-A08H-01,-76.06908315980372
TCGA-AR-A24Q-01,-76.06681826350002
TCGA-E2-A14S-01,-76.02812243600002
TCGA-C8-A137-01,-75.97986412929116
TCGA-E9-A227-01,-75.7186866079497
TCGA-AC-A23C-01,-74.8986424317449
TCGA-B6-A0I2-01,-74.44999797460001
TCGA-AR-A254-01,-74.403183732039
TCGA-AN-A0FT-01,-74.2495296296978
TCGA-B6-A0WY-01,-73.91776201753002
TCGA-BH-A0HN-01,-73.48287960699996
TCGA-BH-A0DH-01,-73.38529963471721
TCGA-B6-A0I6-01,-73.15991158571778
TCGA-D8-A1XF-01,-72.864955485665
TCGA-A8-A08A-01,-72.696858028514
TCGA-E2-A573-01,-72.42689960324998
TCGA-E9-A1RG-01,-72.26638307937502
TCGA-A8-A09R-01,-72.14150013223238
TCGA-B6-A1KF-01,-71.87470756528087
TCGA-3C-AALK-01,-71.58864517631152
TCGA-BH-A1FE-01,-71.48981021340099
TCGA-A2-A25E-01,-71.31968163545001
TCGA-AR-A5QQ-01,-71.29155230890942
TCGA-EW-A1PA-01,-71.04970474024898
TCGA-A2-A0YE-01,-70.624023377416
TCGA-A8-A08S-01,-70.53165912323199
TCGA-GM-A2DC-01,-70.46784403399995
TCGA-BH-A18P-01,-70.36445176706978
TCGA-D8-A27P-01,-69.15410078852904
TCGA-A2-A3Y0-01,-68.49648857979999
TCGA-AO-A0J5-01,-68.38134718299494
TCGA-A7-A13H-01,-68.26110795969699
TCGA-B6-A0RT-01,-68.20206588504689
TCGA-AO-A03L-01,-67.87831143170735
TCGA-A8-A06Z-01,-67.66393131045199
TCGA-A2-A0CS-01,-67.46091964623228
TCGA-A2-A0CV-01,-67.26176463800998
TCGA-C8-A9FZ-01,-67.06173525990002
TCGA-BH-A204-01,-66.45997568405772
TCGA-E9-A1N5-01,-66.40626562955
TCGA-BH-A1EY-01,-66.27043586720603
TCGA-A2-A0CL-01,-66.20748440124292
TCGA-BH-A18J-01,-66.13747444484568
TCGA-B6-A0IC-01,-65.99489484841301
TCGA-AR-A0TX-01,-65.41113102541003
TCGA-E9-A54Y-01,-65.13192808821303
TCGA-A2-A1G4-01,-64.7028799458364
TCGA-AC-A7VC-01,-64.66130768031509
TCGA-AR-A1AO-01,-64.46458643913564
TCGA-A2-A1G6-01,-64.415615246638
TCGA-B6-A0WX-01,-64.31715342739739
TCGA-BH-A0GY-01,-64.02358658802001
TCGA-C8-A275-01,-63.81384402123766
TCGA-C8-A26V-01,-63.805606211854716
TCGA-AC-A3TN-01,-63.28121788237172
TCGA-A2-A0EP-01,-63.02356316143999
TCGA-A2-A0EU-01,-62.835763156340015
TCGA-BH-A1FG-01,-62.560191315970044
TCGA-AR-A1AX-01,-62.17431742265713
TCGA-E9-A1RD-01,-61.78068118289997
TCGA-LD-A7W6-01,-61.73784388981498
TCGA-AO-A03T-01,-61.54578413880001
TCGA-AR-A1AS-01,-61.37846930428001
TCGA-B6-A0X7-01,-61.12354282449999
TCGA-A7-A26G-01,-60.95367727807
TCGA-AC-A23H-01,-60.875309461641535
TCGA-BH-A0BD-01,-60.40846824920891
TCGA-PL-A8LZ-01,-59.62620217518995
TCGA-BH-A0BZ-01,-59.5229772937
TCGA-D8-A1JS-01,-59.46371386677002
TCGA-BH-A0EE-01,-59.26736948683999
TCGA-A2-A0CQ-01,-59.129471176209414
TCGA-AR-A2LQ-01,-58.83126436499995
TCGA-A8-A07L-01,-58.61846283190371
TCGA-A8-A09G-01,-58.52468869554997
TCGA-BH-A5J0-01,-57.977836837610006
TCGA-AO-A0J3-01,-56.826530012916976
TCGA-AR-A1AK-01,-56.60600851124001
TCGA-A1-A0SD-01,-56.23755465642998
TCGA-D8-A1XB-01,-55.79404094091161
TCGA-A7-A4SC-01,-55.33358522499999
TCGA-E9-A1RA-01,-55.032094992359994
TCGA-A2-A04P-01,-54.87053595705376
TCGA-LL-A5YL-01,-54.86975476095999
TCGA-AC-A2FO-01,-54.617387305799994
TCGA-JL-A3YW-01,-53.87859346700004
TCGA-A1-A0SJ-01,-53.87492860295
TCGA-A8-A09B-01,-53.699545642772
TCGA-BH-A0H9-01,-53.52733188716439
TCGA-AC-A6IW-01,-53.22609194965967
TCGA-A7-A13F-01,-53.055249064348025
TCGA-AC-A6NO-01,-52.865829359100005
TCGA-D8-A1XK-01,-52.332938598963004
TCGA-AN-A0FN-01,-52.2392488992
TCGA-BH-A0DI-01,-52.20800353314997
TCGA-BH-A42T-01,-51.819430047874995
TCGA-C8-A1HN-01,-50.912106488220424
TCGA-EW-A1J5-01,-50.669062393021015
TCGA-EW-A1PB-01,-50.115192674442824
TCGA-E9-A1NA-01,-50.11036402820001
TCGA-A8-A06Q-01,-50.015824263413634
TCGA-S3-A6ZF-01,-49.27998029797199
TCGA-D8-A3Z5-01,-49.079528943
TCGA-PE-A5DD-01,-48.92347334959999
TCGA-BH-A2L8-01,-48.64185226201209
TCGA-A2-A0CU-01,-48.59555461115578
TCGA-BH-A42U-01,-48.52178194539998
TCGA-A7-A3IZ-01,-48.46987371748881
TCGA-AR-A24X-01,-48.4653344303706
TCGA-AC-A6IV-01,-47.89193606910001
TCGA-A2-A0T4-01,-47.83505918260002
TCGA-GI-A2C8-01,-47.811060760753016
TCGA-A2-A0YC-01,-47.65249638799997
TCGA-A2-A0T1-01,-47.17268583732308
TCGA-E2-A1L6-01,-46.958640126666594
TCGA-BH-A0W3-01,-46.34904086782252
TCGA-A8-A0A4-01,-46.33006196031403
TCGA-A1-A0SI-01,-45.818435985980315
TCGA-AC-A8OS-01,-45.771142119948976
TCGA-E9-A226-01,-45.764578046888715
TCGA-A8-A092-01,-45.570043905353984
TCGA-A2-A3XS-01,-45.443389862000004
TCGA-D8-A1Y0-01,-44.96205103299994
TCGA-AR-A24L-01,-44.6557406780231
TCGA-C8-A273-01,-44.56872320747
TCGA-AO-A03R-01,-43.885378795075695
TCGA-C8-A26Z-01,-43.51167992693299
TCGA-D8-A1JB-01,-43.25337275330997
TCGA-BH-A0BR-01,-43.222655164850025
TCGA-AR-A0U0-01,-43.141284239699985
TCGA-EW-A423-01,-42.423476811059
TCGA-E9-A1R7-01,-42.236133157685735
TCGA-AR-A0U2-01,-42.06376976790001
TCGA-BH-A0HB-01,-42.00955079769
TCGA-AO-A0J7-01,-41.51723245605
TCGA-A2-A3XT-01,-41.27355961999999
TCGA-D8-A1XM-01,-41.09681710354837
TCGA-GM-A2DI-01,-40.75360536844804
TCGA-A8-A091-01,-40.733340510225275
TCGA-D8-A1XG-01,-40.46955269786995
TCGA-B6-A1KI-01,-39.845034760497214
TCGA-3C-AALI-01,-39.556275989069995
TCGA-A2-A25C-01,-39.46958913640001
TCGA-EW-A1P4-01,-39.45291328094251
TCGA-A2-A1FW-01,-39.00169885497999
TCGA-AO-A03N-01,-38.59121421490001
TCGA-GM-A2DK-01,-38.43026830592729
TCGA-A2-A0EV-01,-38.08328928951998
TCGA-AQ-A7U7-01,-37.858281713489994
TCGA-A8-A0AD-01,-37.85242158484499
TCGA-PE-A5DC-01,-37.553451132730004
TCGA-A2-A04X-01,-37.392180403450006
TCGA-D8-A1JG-01,-36.698961612969214
TCGA-A2-A1G0-01,-36.63626698972599
TCGA-B6-A0RL-01,-36.52530696767298
TCGA-AN-A0XS-01,-36.52307131999996
TCGA-D8-A1XA-01,-36.383788930451814
TCGA-B6-A0WT-01,-36.14599975668299
TCGA-AC-A23E-01,-36.12130170500001
TCGA-D8-A27G-01,-35.941399908192004
TCGA-A8-A083-01,-35.70413121902003
TCGA-A8-A084-01,-35.69001527795001
TCGA-B6-A0WV-01,-35.685847467428005
TCGA-B6-A0RG-01,-35.01543171538002
TCGA-BH-A0E9-01,-34.98962521320003
TCGA-BH-A0HI-01,-34.41158987749001
TCGA-A8-A09Z-01,-34.36018145780001
TCGA-E2-A9RU-01,-34.32144524179004
TCGA-BH-A18R-01,-33.94393120256999
TCGA-E2-A105-01,-33.7723997449509
TCGA-5L-AAT0-01,-33.317317148581
TCGA-C8-A12W-01,-33.17792212613903
TCGA-BH-A0BS-01,-32.99348464746814
TCGA-BH-A0C3-01,-32.168101285459976
TCGA-AC-A2FB-01,-32.15068773137961
TCGA-GM-A2DA-01,-31.855815658392157
TCGA-E9-A1NC-01,-31.717240984020005
TCGA-D8-A146-01,-31.678606220135002
TCGA-A8-A09M-01,-31.087972216830003
TCGA-A1-A0SQ-01,-30.821481218903855
TCGA-JL-A3YX-01,-29.930566006170903
TCGA-AO-A0JF-01,-29.087360844856615
TCGA-AC-A3OD-01,-28.303325533999985
TCGA-E2-A10A-01,-27.706611901140104
TCGA-S3-AA10-01,-27.1553736993462
TCGA-A2-A3KC-01,-27.047115349999988
TCGA-E2-A1IO-01,-27.041805211999996
TCGA-C8-A1HM-01,-26.49165755768731
TCGA-E9-A3X8-01,-25.916610680999998
TCGA-AN-A0FD-01,-25.897034246049994
TCGA-AR-A251-01,-25.235671102543982
TCGA-A2-A0CZ-01,-25.17796596932
TCGA-E2-A1L8-01,-24.997125806675975
TCGA-E2-A14V-01,-24.53036539684002
TCGA-BH-A0H7-01,-24.112989975860003
TCGA-A2-A3XX-01,-23.16514395223
TCGA-AQ-A04L-01,-23.084564215000007
TCGA-A8-A07W-01,-22.994993562689977
TCGA-BH-A0AU-01,-22.92429822573499
TCGA-A2-A0YJ-01,-22.80454829536996
TCGA-B6-A0RM-01,-22.541818267506002
TCGA-BH-A0BJ-01,-22.510124026280003
TCGA-UU-A93S-01,-22.452040007711034
TCGA-E2-A156-01,-22.419240795551996
TCGA-A2-A0YL-01,-22.094370210960367
TCGA-A2-A0D4-01,-21.97423699337
TCGA-A8-A07G-01,-21.68842960753429
TCGA-BH-A0AV-01,-20.66226072420001
TCGA-BH-A0DL-01,-20.63872256754
TCGA-BH-A0DK-01,-20.595258019133436
TCGA-BH-A18N-01,-20.549316440470005
TCGA-EW-A1J2-01,-20.496345760322015
TCGA-BH-A0DE-01,-20.43654497226001
TCGA-BH-A0AW-01,-19.545725952057325
TCGA-AN-A03Y-01,-19.099025901118015
TCGA-C8-A1HI-01,-18.91163203243
TCGA-AO-A124-01,-18.89870860255501
TCGA-A2-A3XV-01,-17.981587688115553
TCGA-A2-A0CW-01,-17.977393048190013
TCGA-BH-A0EI-01,-17.861082957649995
TCGA-AC-A3W7-01,-17.463806130000002
TCGA-AR-A24N-01,-17.292825642075993
TCGA-A8-A08L-01,-17.23032109053842
TCGA-BH-A5IZ-01,-16.989416367489998
TCGA-A8-A07B-01,-16.866568857049245
TCGA-B6-A0IM-01,-16.719668432400002
TCGA-C8-A1HK-01,-16.529999852939607
TCGA-E2-A15F-01,-16.2750224660934
TCGA-BH-A0BW-01,-16.14854663855901
TCGA-B6-A0IH-01,-15.842926000999993
TCGA-AN-A0XW-01,-14.82572144613557
TCGA-A8-A07P-01,-14.740125453289991
TCGA-PE-A5DE-01,-14.639743098644816
TCGA-A2-A1FX-01,-14.592390688599995
TCGA-AN-A0FX-01,-14.331936949718992
TCGA-A8-A08X-01,-14.268745637300015
TCGA-A2-A04Y-01,-14.158842414236013
TCGA-BH-A1FC-01,-13.818045400982996
TCGA-E9-A295-01,-13.49192418568302
TCGA-BH-A0E7-01,-13.129894228000005
TCGA-B6-A0RO-01,-12.82566800599997
TCGA-OL-A6VQ-01,-11.890798274404165
TCGA-AR-A0TR-01,-11.815528796000017
TCGA-A8-A07U-01,-10.749775661703902
TCGA-E2-A1B4-01,-10.638562858705665
TCGA-AN-A0FY-01,-10.074142441699996
TCGA-E9-A1N9-01,-9.834715400930001
TCGA-B6-A0IO-01,-9.446362526340003
TCGA-LL-A73Z-01,-8.964945511495003
TCGA-AN-A0FW-01,-7.336151116999978
TCGA-A2-A0T0-01,-7.217272440179995
TCGA-OL-A5RY-01,-7.036876580999996
TCGA-BH-A0BO-01,-7.004870211303043
TCGA-D8-A1JM-01,-6.99844702051187
TCGA-B6-A0RS-01,-6.512452174000007
TCGA-AO-A126-01,-6.351450900320012
TCGA-LL-A73Y-01,-6.312503296700006
TCGA-D8-A27E-01,-6.209870210892565
TCGA-E9-A1N8-01,-5.551391617999999
TCGA-E2-A1II-01,-5.375233777307009
TCGA-A7-A26H-01,-5.185116274059976
TCGA-5T-A9QA-01,-5.085777425619202
TCGA-AO-A12H-01,-5.072861093166
TCGA-EW-A1OZ-01,-4.854880385050462
TCGA-AR-A5QM-01,-4.635392327259941
TCGA-E9-A1ND-01,-4.4876327534000096
TCGA-A8-A07Z-01,-3.4849290878000074
TCGA-BH-A0HO-01,-3.4247209560377025
TCGA-BH-A0DS-01,-3.2437506707470005
TCGA-AO-A0J8-01,-2.9083484150770067
TCGA-BH-A0AY-01,-2.900405840000003
TCGA-A8-A09K-01,-2.6070629525660047
TCGA-BH-A0BM-01,-1.927499440720032
TCGA-C8-A8HR-01,-1.8245528211950193
TCGA-AC-A7VB-01,-1.7415429142999996
TCGA-A1-A0SN-01,-1.4326619639130178
TCGA-AR-A0U4-01,-1.4310741650650023
TCGA-B6-A0RU-01,-1.410408052000006
TCGA-B6-A0IG-01,-1.1049806450000115
TCGA-AR-A24M-01,-0.9728401350799439
TCGA-E2-A1B6-01,-0.5269131647534986
TCGA-LL-A7SZ-01,-0.3616943899999976
TCGA-A2-A0ES-01,0.7057961309970205
TCGA-B6-A1KC-01,1.2327096052599997
TCGA-A8-A07C-01,1.493591473214996
TCGA-BH-A1F8-01,1.8663894246430224
TCGA-AN-A0FF-01,2.0986648373090038
TCGA-BH-A0HW-01,2.407249600245003
TCGA-BH-A0BQ-01,2.7432214293659998
TCGA-BH-A1EN-01,2.7752304390000013
TCGA-A7-A6VY-01,2.86331324882319
TCGA-BH-A0BT-01,2.904999711299998
TCGA-BH-A1EW-01,3.261642492000001
TCGA-W8-A86G-01,3.6303677911899594
TCGA-B6-A2IU-01,3.6720180644958944
TCGA-BH-A0B7-01,3.805400932499973
TCGA-A8-A09N-01,3.835187523837005
TCGA-B6-A0I1-01,3.9065127444260015
TCGA-EW-A1OY-01,5.447625207500003
TCGA-B6-A0IE-01,5.504753226899997
TCGA-A2-A0SX-01,5.6829232309240005
TCGA-D8-A27K-01,5.685873926911995
TCGA-A2-A0CP-01,6.023639665999995
TCGA-A7-A26J-01,6.293784972999998
TCGA-A8-A08R-01,6.620101684539924
TCGA-EW-A6SD-01,6.697545508850022
TCGA-A8-A08C-01,7.873455079000001
TCGA-E2-A15G-01,8.827945301399998
TCGA-C8-A130-01,9.156536213419994
TCGA-BH-A0B9-01,9.306618740137004
TCGA-AR-A1AN-01,9.836309352999995
TCGA-A1-A0SP-01,9.917453546512787
TCGA-AC-A4ZE-01,10.533353866999999
TCGA-BH-A0B5-01,10.773398228823531
TCGA-E2-A1B1-01,10.838380270790589
TCGA-BH-A18I-01,11.165029320799993
TCGA-AO-A0JJ-01,11.483562251709985
TCGA-E2-A2P6-01,11.636779783999998
TCGA-LL-A5YM-01,11.978462178158008
TCGA-AR-A24V-01,11.989662664999999
TCGA-E9-A22H-01,12.251075771999998
TCGA-D8-A1XY-01,12.300342621800013
TCGA-EW-A1IZ-01,12.656417937999995
TCGA-A2-A0EX-01,12.990450794100031
TCGA-A7-A4SF-01,13.542419440000003
TCGA-A8-A075-01,13.562951366137007
TCGA-OL-A5D6-01,13.645199685199996
TCGA-GM-A2DM-01,14.056091404999997
TCGA-A8-A09V-01,14.257337418960015
TCGA-AQ-A04J-01,14.724848644574323
TCGA-E9-A1NI-01,15.680282570000006
TCGA-A2-A04Q-01,15.900890259999995
TCGA-E2-A155-01,16.9372615743
TCGA-BH-A0W7-01,17.33077988400004
TCGA-AR-A1AU-01,17.332332573000006
TCGA-4H-AAAK-01,17.876716291499996
TCGA-AO-A12B-01,17.97568496709999
TCGA-AR-A250-01,18.213746080755588
TCGA-D8-A1JP-01,18.894750661200014
TCGA-A7-A13D-01,19.680521040688998
TCGA-E9-A3HO-01,19.793754689999997
TCGA-A8-A09I-01,19.897864169683753
TCGA-C8-A278-01,20.516075715958618
TCGA-E9-A24A-01,20.583007638000005
TCGA-EW-A1P0-01,21.656385409799988
TCGA-AR-A1AL-01,22.022462073136047
TCGA-A8-A093-01,22.082004020915
TCGA-E2-A10C-01,22.793457019999998
TCGA-BH-A0B3-01,22.86379600960008
TCGA-E2-A15E-06,23.327971508028
TCGA-BH-A209-01,24.089478031079995
TCGA-A8-A08I-01,25.107649926352018
TCGA-E9-A5UP-01,25.1126766324
TCGA-BH-A0DG-01,25.450021126909977
TCGA-A2-A0EO-01,25.724937664299958
TCGA-A2-A0T7-01,25.73005479218
TCGA-D8-A4Z1-01,25.989219691
TCGA-A2-A4S1-01,26.80534276432999
TCGA-A8-A081-01,26.847122262
TCGA-AR-A24H-01,27.308237073999997
TCGA-LL-A5YN-01,27.596623568116115
TCGA-LL-A7T0-01,28.08058997502901
TCGA-C8-A12Y-01,28.12810604958096
TCGA-E2-A15I-01,28.808146171874007
TCGA-LL-A442-01,29.004150349999993
TCGA-EW-A2FV-01,29.13541906084856
TCGA-AC-A2B8-01,29.301570261559977
TCGA-D8-A27R-01,30.06160139602004
TCGA-C8-A12V-01,30.10491953
TCGA-A2-A0EY-01,30.27607624519999
TCGA-C8-A12N-01,30.90258789
TCGA-A2-A0EQ-01,31.051790683639997
TCGA-A2-A0ST-01,31.608508822910007
TCGA-E9-A1R0-01,31.62430426159996
TCGA-A8-A096-01,32.12174985299996
TCGA-A2-A0EM-01,32.89608092270003
TCGA-E9-A3QA-01,34.181518563000004
TCGA-E9-A1R6-01,34.18371573
TCGA-D8-A1JN-01,35.39327041848996
TCGA-D8-A1JJ-01,35.50302857516
TCGA-BH-A18Q-01,35.80573213489494
TCGA-E9-A1R5-01,37.40112312999998
TCGA-OL-A66P-01,38.27013776916339
TCGA-A2-A0EN-01,38.59283632400007
TCGA-E9-A22D-01,38.7353406530376
TCGA-A2-A4S3-01,39.20309430500003
TCGA-GM-A2DF-01,39.21008295700001
TCGA-E9-A2JT-01,39.38606250200002
TCGA-A8-A09T-01,39.550628444999994
TCGA-BH-A42V-01,39.691833530000004
TCGA-E2-A150-01,39.87983721399999
TCGA-EW-A1P5-01,40.6183026866
TCGA-A8-A06R-01,40.833336929004965
TCGA-AR-A24K-01,40.839084633190026
TCGA-LL-A50Y-01,41.13390267309999
TCGA-AN-A0AM-01,41.46370956259999
TCGA-E9-A249-01,41.63755799600001
TCGA-GM-A3XL-01,42.08245665360701
TCGA-A2-A0SW-01,42.11073291498003
TCGA-A2-A0CX-01,42.49663299237133
TCGA-AN-A0XU-01,42.601445726210024
TCGA-AN-A041-01,42.89923109600002
TCGA-B6-A0RV-01,43.115377613274994
TCGA-EW-A1IW-01,43.35227988400004
TCGA-BH-A0DP-01,43.5561682678
TCGA-D8-A145-01,43.67619985576904
TCGA-D8-A1X8-01,43.939819145
TCGA-E2-A574-01,44.1708985
TCGA-OL-A5RU-01,44.27699893357252
TCGA-EW-A2FW-01,45.06677236899999
TCGA-D8-A27W-01,45.19741701758197
TCGA-A8-A082-01,45.40282806574001
TCGA-E9-A244-01,45.83907750015202
TCGA-E2-A15T-01,45.853650135899976
TCGA-E2-A14T-01,46.2833430448595
TCGA-D8-A27L-01,46.40090156400113
TCGA-E2-A1BC-01,47.45313168809203
TCGA-AR-A24S-01,47.66234154870703
TCGA-AO-A0JM-01,47.935058519999984
TCGA-E2-A15P-01,49.247356365
TCGA-AC-A2QH-01,49.864929064999984
TCGA-AC-A2FG-01,50.02255245999999
TCGA-BH-A18F-01,50.38273097997998
TCGA-D8-A141-01,50.82621761929998
TCGA-E2-A1L7-01,51.12988286
TCGA-AR-A24Z-01,51.362060449999994
TCGA-LL-A6FQ-01,51.52561570460002
TCGA-AO-A1KS-01,51.62385992273
TCGA-BH-A0C0-01,51.71267886994499
TCGA-AO-A1KP-01,51.949766009075105
TCGA-D8-A1JF-01,53.2578124
TCGA-AC-A5EH-01,53.27583301500005
TCGA-B6-A0X5-01,53.33203129
TCGA-A2-A0SU-01,53.3660506936
TCGA-OL-A5D8-01,53.74395763
TCGA-OL-A5RZ-01,53.93742476524
TCGA-A2-A0YF-01,54.299861899
TCGA-LL-A6FR-01,54.63123327299999
TCGA-A2-A0YM-01,54.79056610136898
TCGA-A8-A0A9-01,54.856323200000006
TCGA-A7-A5ZW-01,54.879886725899965
TCGA-E9-A22A-01,55.14192845755991
TCGA-A7-A0DA-01,55.32037361999996
TCGA-A8-A0A1-01,55.38987935443652
TCGA-A1-A0SE-01,55.73010244000001
TCGA-A8-A08B-01,56.102870341940005
TCGA-D8-A1JI-01,56.307918838031476
TCGA-E2-A15J-01,57.09986774804475
TCGA-A2-A0D0-01,57.274658249999995
TCGA-AR-A1AY-01,57.637773395699995
TCGA-E2-A159-01,58.04748520000001
TCGA-E9-A1NG-01,58.36707986524002
TCGA-D8-A27H-01,58.421237807589996
TCGA-AN-A0FV-01,59.28735338999999
TCGA-BH-A0WA-01,59.499633619999976
TCGA-C8-A1HJ-01,59.59399413999997
TCGA-BH-A1F6-01,59.850830110000004
TCGA-B6-A0RI-01,61.21165568111
TCGA-A2-A0T5-01,61.21971704180005
TCGA-A2-A4S2-01,61.88525394999999
TCGA-S3-AA11-01,62.01660166000005
TCGA-OL-A6VO-01,62.549316379999986
TCGA-BH-A0DT-01,63.75195291999997
TCGA-AN-A0G0-01,63.75848385
TCGA-AN-A0FL-01,64.26720623003
TCGA-B6-A0X4-01,64.36662172510005
TCGA-3C-AALJ-01,64.69144441784496
TCGA-AO-A1KR-01,65.14657839043328
TCGA-LD-A74U-01,65.94801335100001
TCGA-A8-A09X-01,66.18408203399999
TCGA-AR-A24U-01,66.32251391650092
TCGA-A8-A097-01,66.420684738
TCGA-BH-A1FL-01,66.89685061000003
TCGA-AN-A0XP-01,66.96004475701491
TCGA-C8-A12P-01,67.22347285161572
TCGA-E2-A1LL-01,67.35156263000002
TCGA-BH-A203-01,67.41243249338997
TCGA-AR-A0TP-01,68.31420876
TCGA-OL-A66L-01,68.55615218000001
TCGA-E2-A15L-01,68.89257807999998
TCGA-AC-A5XU-01,69.07623751492997
TCGA-OL-A5RW-01,70.01845762657706
TCGA-A2-A259-01,70.34536367949998
TCGA-AR-A256-01,70.87280272
TCGA-B6-A1KN-01,71.94119261999995
TCGA-A2-A0YK-01,72.27694059161712
TCGA-E2-A15H-01,72.43841540000001
TCGA-B6-A0IA-01,72.73512789478902
TCGA-BH-A1EO-01,72.85937504999998
TCGA-AR-A24P-01,73.10553766641301
TCGA-B6-A0I5-01,73.63425138003022
TCGA-D8-A1Y3-01,74.08789039999998
TCGA-EW-A1PG-01,74.18225083000002
TCGA-C8-A1HE-01,74.23942561759999
TCGA-EW-A1IX-01,74.95006091753982
TCGA-EW-A6SB-01,75.03645790610003
TCGA-A2-A3KD-01,75.69055174
TCGA-AO-A12A-01,77.09802249
TCGA-C8-A1HG-01,77.11889643
TCGA-B6-A0X0-01,77.27246105000003
TCGA-S3-A6ZG-01,77.34619128999995
TCGA-A2-A0YI-01,77.57763676
TCGA-A2-A04W-01,77.95117176000001
TCGA-A7-A6VX-01,78.10260638166008
TCGA-AR-A2LN-01,78.2419435
TCGA-BH-A1F0-01,78.7019985266969
TCGA-A8-A094-01,79.6274222578
TCGA-D8-A27I-01,79.70019515000003
TCGA-BH-A18V-01,79.74462897
TCGA-EW-A6SC-01,79.87744139
TCGA-C8-A132-01,80.09179684
TCGA-HN-A2NL-01,81.09052902921002
TCGA-AN-A0AR-01,81.10156254000002
TCGA-E2-A1IG-01,81.18145766000002
TCGA-BH-A0W4-01,81.30932604999998
TCGA-A2-A25A-01,81.38427721
TCGA-D8-A1XO-01,81.98095715000001
TCGA-E2-A1IL-01,83.10473617999999
TCGA-A7-A4SE-01,83.12947830499996
TCGA-A8-A090-01,83.57723714639997
TCGA-BH-A0B0-01,83.80078118000003
TCGA-C8-A12Z-01,84.1811524
TCGA-C8-A8HP-01,84.37158194999999
TCGA-A7-A0CG-01,84.39627523400229
TCGA-A2-A0YD-01,84.62377916999996
TCGA-BH-A18S-01,84.75976571000001
TCGA-E9-A1RH-01,85.54956047000003
TCGA-OL-A66I-01,86.50702655800005
TCGA-E9-A1N4-01,86.53001603552335
TCGA-BH-A0HA-01,86.7945501167029
TCGA-D8-A1XQ-01,87.38075737739999
TCGA-E2-A570-01,87.95703154000002
TCGA-A8-A08G-01,88.99218742000002
TCGA-BH-A0W5-01,89.21874984
TCGA-A7-A26F-01,89.33447293
TCGA-BH-A1EU-01,90.37792955000005
TCGA-E9-A1NF-01,91.41268639816992
TCGA-E2-A1IF-01,94.34915334469989
TCGA-GM-A2DL-01,95.47739227979997
TCGA-C8-A135-01,95.99170787411221
TCGA-PL-A8LY-01,97.06664508135289
TCGA-E2-A14N-01,97.7651979913401
TCGA-D8-A27T-01,101.13909950015994
TCGA-C8-A26Y-01,101.56413968511796
TCGA-GM-A2DH-01,104.01586929
TCGA-BH-A0GZ-01,105.83275225465007
TCGA-AC-A6IX-01,106.56852511964004
TCGA-WT-AB44-01,107.33984359000002
TCGA-A8-A0AB-01,108.31906902700001
TCGA-AR-A2LO-01,111.39288321100004
TCGA-C8-A12L-01,113.84069800000007
TCGA-BH-A0H3-01,116.62390887829991
TCGA-E2-A1LK-01,117.83478553386726
TCGA-C8-A26X-01,117.93785424759996
TCGA-AO-A12D-01,118.3623228861361
TCGA-AR-A2LK-01,118.74279777999999
TCGA-LL-A6FP-01,119.79723510689998
TCGA-E2-A154-01,120.28262308699996
TCGA-E2-A1IK-01,121.92175293
TCGA-LD-A66U-01,122.27778250725999
TCGA-C8-A138-01,124.03014949409996
TCGA-E2-A1LH-01,124.89941385
TCGA-A2-A0T6-01,125.24862665799998
TCGA-C8-A1HF-01,125.48285188087986
TCGA-AQ-A54N-01,125.50201425999997
TCGA-E2-A14Q-01,126.39243790996963
TCGA-A8-A07J-01,126.76037586999999
TCGA-D8-A143-01,128.26013185000002
TCGA-A2-A1FZ-01,130.1549987038001
TCGA-BH-A0HK-01,131.26831082000007
TCGA-AO-A03P-01,131.69860812
TCGA-AC-A3QQ-01,133.44311513999997
TCGA-BH-A18T-01,134.13305639100005
TCGA-D8-A1Y1-01,134.4907378660002
TCGA-A7-A5ZV-01,135.08275775399997
TCGA-D8-A1XV-01,138.94384775000003
TCGA-BH-A0BV-01,139.28295913000005
TCGA-A2-A0T2-01,140.98095698999995
TCGA-D8-A1XT-01,142.27156255940005
TCGA-LL-A8F5-01,142.4355468899999
TCGA-EW-A1PE-01,145.37646460000008
TCGA-A7-A56D-01,147.46783469000007
TCGA-AO-A0J6-01,147.74867229799992
TCGA-E2-A1B0-01,148.04394501000002
TCGA-D8-A73U-01,148.43434091700016
TCGA-BH-A28Q-01,148.73730463
TCGA-D8-A27F-01,150.1074217299999
TCGA-AC-A2FF-01,151.49243153999987
TCGA-AR-A1AH-01,152.32135007000002
TCGA-AR-A0TV-01,152.50328529256998
TCGA-A7-A0CD-01,153.245624453
TCGA-BH-A0HQ-01,153.8861389200001
TCGA-AO-A03O-01,155.80184127026004
TCGA-XX-A89A-01,158.19360351999998
TCGA-EW-A1P3-01,158.26416014000006
TCGA-OL-A66K-01,159.7312011700001
TCGA-S3-AA14-01,159.74675874753007
TCGA-E2-A15D-01,160.20445242500003
TCGA-AR-A5QN-01,160.90673829000008
TCGA-A2-A0CR-01,164.18212891000005
TCGA-AN-A0AT-01,166.31030271000003
TCGA-A7-A26E-01,167.08789087
TCGA-D8-A1X7-01,168.36718766999994
TCGA-EW-A1P6-01,170.8572463839996
TCGA-E9-A22G-01,175.3698729799999
TCGA-AR-A2LM-01,177.5703124899999
TCGA-AR-A1AI-01,179.0881881249998
TCGA-D8-A1JD-01,179.29335007000026
TCGA-Z7-A8R6-01,191.14080819299997
TCGA-AC-A2BM-01,191.49952322100003
TCGA-E9-A5UO-01,192.01681137279985
TCGA-E2-A1L9-01,193.1000978400001
TCGA-OL-A5DA-01,200.7929764709999
TCGA-A8-A08Z-01,201.48950157000002
TCGA-A7-A6VW-01,203.0312499400001
TCGA-D8-A1JK-01,204.75305171999977
TCGA-D8-A1XW-01,207.25806881210002
TCGA-BH-A1FN-01,207.39998365239992
TCGA-C8-A12X-01,213.22695711279985
TCGA-A2-A04U-01,214.75100111244925
TCGA-EW-A1PH-01,215.417877237
TCGA-AC-A8OR-01,215.90908050230004
TCGA-A2-A0ER-01,220.68615728999987
TCGA-GM-A2DB-01,223.41149899000004
TCGA-D8-A3Z6-01,223.4123535500002
TCGA-AR-A1AQ-01,224.96014394000005
TCGA-LL-A5YP-01,225.44482417999993
TCGA-D8-A1JE-01,231.08740209999974
TCGA-A7-A0CH-01,236.08358678499965
TCGA-BH-A1ET-01,236.31420921
TCGA-C8-A12U-01,238.11360158499994
TCGA-C8-A12O-01,241.03445407749987
TCGA-E9-A243-01,242.34066011899998
TCGA-D8-A1JL-01,247.32515430239985
TCGA-D8-A13Y-01,247.99273665000015
TCGA-AO-A12F-01,258.8198242900001
TCGA-AN-A0FZ-01,270.6731566650001
TCGA-OK-A5Q2-01,271.5280251238003
TCGA-EW-A1OX-01,273.819961736
TCGA-A7-A26I-01,283.4792939640001
TCGA-C8-A134-01,292.59572943667627
TCGA-A8-A07O-01,294.8608726371212
TCGA-AC-A62X-01,347.2966307300001
TCGA-A7-A0CJ-01,357.1435551599996
TCGA-A7-A13G-01,472.8535155999997
